{"cameraMode":{"drawMode":0,"name":"Shaded","section":"Shading Mode"},"sceneLighting":true,"audioPlay":false,"sceneViewState":{"m_AlwaysRefresh":false,"showFog":true,"showSkybox":true,"showFlares":true,"showImageEffects":true,"showParticleSystems":true,"showVisualEffectGraphs":true,"m_FxEnabled":true},"in2DMode":false,"pivot":{"x":1.0119805335998536,"y":1.2435712814331055,"z":0.4899883270263672},"rotation":{"x":0.1233726292848587,"y":0.05801950395107269,"z":-0.007224186789244413,"w":0.9906572103500366},"size":2.666025161743164,"orthographic":false}