{"cameraMode":{"drawMode":0,"name":"Shaded","section":"Shading Mode"},"sceneLighting":true,"audioPlay":false,"sceneViewState":{"m_AlwaysRefresh":false,"showFog":true,"showSkybox":true,"showFlares":true,"showImageEffects":true,"showParticleSystems":true,"showVisualEffectGraphs":true,"m_FxEnabled":true},"in2DMode":false,"pivot":{"x":0.27160167694091799,"y":3.6613612174987795,"z":-1.1329584121704102},"rotation":{"x":-0.014494167640805245,"y":0.9411057829856873,"z":-0.33535149693489077,"w":-0.04068107530474663},"size":11.54994010925293,"orthographic":false}